Timestamp,ServerFPS,Players,DeadUnits,AllUnits,UnitsAwareOfEnemies,AllVehicles,WreckedVehicles,Entities,GroupsRebels, GroupsInvaders,GroupsOccupants,GroupsCiv,GroupsTotal,GroupsCombatBehaviour,"Faction Cash",HR,OccAggro,InvAggro,Warlevel
13:29:50:016,37.7358,3,22,43,0,219,4,283,8,0,0,1,9,0,<null>,<null>,40,0,9
13:30:02:776,33.195,3,22,43,0,219,4,285,8,0,0,1,9,0,<null>,<null>,40,0,9
13:30:15:428,37.296,3,22,44,0,219,4,284,9,0,0,1,10,0,<null>,<null>,39,0,9
13:30:27:872,35.9551,3,22,43,0,219,4,283,8,0,0,1,9,0,<null>,<null>,39,0,9
13:30:40:653,39.2157,3,22,43,0,219,4,282,8,0,0,1,9,0,<null>,<null>,39,0,9
13:30:53:151,36.4465,3,22,43,0,219,4,282,8,0,0,1,9,0,<null>,<null>,39,0,9
13:31:05:721,37.4707,3,22,44,0,219,4,283,8,0,0,2,10,0,<null>,<null>,39,0,9
13:31:18:454,41.2371,3,22,42,0,219,4,281,8,0,0,2,10,0,<null>,<null>,39,0,9
13:31:31:411,34.4828,3,22,22,0,219,4,271,6,0,0,0,6,0,<null>,<null>,39,0,9
13:31:44:231,40.404,3,22,6,0,219,4,255,4,0,0,0,4,0,<null>,<null>,39,0,9
13:31:57:114,41.0256,3,22,6,0,219,4,255,4,0,0,0,4,0,<null>,<null>,39,0,9
13:32:09:908,41.1311,3,22,6,0,219,4,255,4,0,0,0,4,0,<null>,<null>,39,0,9
13:32:29:878,6.16333,3,22,24,0,220,4,274,4,6,0,0,10,0,<null>,<null>,39,0,9
13:32:51:585,12.3743,3,22,34,0,220,4,284,4,7,0,0,11,0,<null>,<null>,39,0,9
13:33:12:662,10.5471,3,22,39,3,220,4,289,4,7,0,2,13,4,<null>,<null>,38,0,9
13:33:30:004,14.0105,3,22,39,17,220,4,289,4,7,0,2,13,7,<null>,<null>,38,0,9
13:33:49:782,10.568,3,23,38,24,222,4,291,4,7,0,2,13,7,<null>,<null>,38,0,9
13:34:11:048,13.4228,3,23,38,25,222,4,293,4,7,0,2,13,7,<null>,<null>,38,0,9
13:34:31:802,15.8888,3,23,38,27,222,4,295,4,7,0,2,13,7,<null>,<null>,38,0,9
13:34:52:330,10.7167,3,23,38,27,222,4,295,4,7,0,2,13,4,<null>,<null>,38,0,9
13:35:12:715,9.29692,3,23,38,27,222,4,295,4,7,0,2,13,4,<null>,<null>,37,0,9
13:35:34:772,10.133,3,23,38,28,222,4,295,4,7,0,2,13,5,<null>,<null>,37,0,9
13:35:54:480,17.9775,3,23,38,29,222,4,295,4,7,0,2,13,5,<null>,<null>,37,0,9
13:36:16:082,10.356,3,23,38,29,222,4,295,4,7,0,2,13,5,<null>,<null>,37,0,9
13:36:37:809,13.0506,3,23,38,29,222,4,295,4,7,0,2,13,5,<null>,<null>,37,0,9
13:36:56:128,12.6382,3,24,37,31,223,4,296,4,7,0,2,13,10,<null>,<null>,37,0,9
13:37:13:430,16.444,3,24,49,29,224,4,297,4,9,0,2,15,10,<null>,<null>,36,0,9
13:37:29:970,14.3756,3,24,49,29,224,4,297,4,9,0,2,15,10,<null>,<null>,36,0,9
13:37:48:670,9.45068,3,25,48,29,225,4,298,4,9,0,2,15,10,<null>,<null>,36,0,9
13:38:05:711,8.7146,3,26,47,30,226,4,299,4,9,0,2,15,10,<null>,<null>,36,0,9
13:38:23:978,10.4644,3,27,46,29,226,4,299,4,9,0,2,15,10,<null>,<null>,36,0,9
13:38:41:725,10.1074,3,27,46,29,227,4,300,4,9,0,2,15,10,<null>,<null>,36,0,9
13:38:58:987,6.44901,3,27,46,29,227,4,300,2,9,0,2,13,9,<null>,<null>,36,0,9
13:39:17:077,16.4103,3,27,46,29,227,4,300,2,9,0,2,13,10,<null>,<null>,36,0,9
13:39:37:211,7.15884,3,27,46,27,227,4,300,2,9,0,2,13,8,<null>,<null>,36,9,9
13:39:58:618,13.913,3,27,46,27,227,4,300,2,9,0,2,13,9,<null>,<null>,36,9,9
13:40:16:775,9.96264,3,27,46,27,227,4,300,2,9,0,2,13,10,<null>,<null>,36,9,9
13:40:33:813,15.3698,3,27,46,27,227,4,300,2,9,0,2,13,10,<null>,<null>,36,9,9
13:40:54:298,7.87789,3,27,46,27,226,4,299,2,9,0,2,13,10,<null>,<null>,35,9,9
13:41:13:554,9.21659,3,27,46,27,225,4,298,2,9,0,2,13,9,<null>,<null>,35,9,9
13:41:33:563,5.55556,3,27,46,27,225,4,298,2,9,0,2,13,9,<null>,<null>,35,9,9
13:41:53:745,9.20069,3,28,45,26,227,4,300,2,9,0,2,13,9,<null>,<null>,35,9,9
13:42:12:816,7.71828,4,28,45,26,227,4,301,2,9,0,2,13,9,<null>,<null>,35,9,9
13:42:28:443,12.1488,4,28,45,26,227,4,310,2,9,0,2,13,9,<null>,<null>,35,9,9
13:42:43:621,5.743,4,39,38,20,247,6,326,2,11,0,2,15,10,<null>,<null>,34,9,9
13:42:57:731,18.6047,4,38,35,19,242,4,325,2,9,0,2,13,10,<null>,<null>,34,9,9
13:43:12:242,13.3001,4,38,35,20,242,4,325,2,9,0,2,13,10,<null>,<null>,34,9,9
13:43:27:843,7.83546,4,38,35,21,242,4,325,2,9,0,2,13,10,<null>,<null>,34,9,9
13:43:40:687,12.5,4,38,35,21,242,4,325,2,9,0,2,13,9,<null>,<null>,34,9,9
13:43:55:300,6.69176,4,38,35,21,242,4,325,2,9,0,2,13,10,<null>,<null>,34,9,9
13:44:08:586,12.0846,4,38,35,21,242,4,325,2,9,0,2,13,10,<null>,<null>,34,10,9
13:44:23:115,11.994,4,38,35,12,242,4,325,2,9,0,2,13,9,<null>,<null>,34,10,9
13:44:38:477,10.8401,4,34,35,12,239,4,318,2,9,0,2,13,9,<null>,<null>,34,10,9
13:44:54:573,18.8679,4,34,35,10,239,4,318,2,9,0,2,13,9,<null>,<null>,34,10,9
13:45:10:059,10.9439,4,34,35,12,239,4,318,2,9,0,2,13,8,<null>,<null>,34,10,9
13:45:26:604,6.55738,4,34,35,7,239,4,318,2,9,0,2,13,8,<null>,<null>,34,10,9
13:45:47:481,16.7015,4,34,35,5,239,4,317,2,9,0,2,13,9,<null>,<null>,33,12,9
13:46:08:581,17.0032,4,35,34,18,240,4,319,2,9,0,2,13,9,<null>,<null>,33,12,9
13:46:28:488,9.73828,4,36,30,11,241,4,321,2,10,0,2,14,9,<null>,<null>,33,13,9
13:46:49:714,8.60215,4,36,29,11,241,4,320,2,9,0,2,13,8,<null>,<null>,33,13,9
13:47:10:659,9.34579,4,34,29,11,239,4,316,2,9,0,2,13,8,<null>,<null>,33,13,9
13:47:30:568,6.88172,4,34,29,11,239,4,316,2,9,0,2,13,7,<null>,<null>,33,13,9
13:47:51:937,12.7085,4,34,29,11,239,4,316,2,9,0,2,13,7,<null>,<null>,33,13,9
13:48:13:179,9.20069,4,34,29,11,239,4,316,2,9,0,2,13,7,<null>,<null>,33,13,9
13:48:30:457,10.6596,4,35,28,1,241,4,317,2,9,0,2,13,7,<null>,<null>,33,13,9
13:48:46:515,22.7596,4,33,28,2,239,4,313,2,9,0,2,13,7,<null>,<null>,33,13,9
13:49:02:389,11.7907,4,33,28,9,239,4,313,2,9,0,2,13,8,<null>,<null>,33,13,9
13:49:17:986,12.2231,4,33,28,9,239,4,313,2,9,0,2,13,8,<null>,<null>,33,13,9
13:49:37:131,6.87876,4,33,28,18,239,4,314,2,9,0,2,13,8,<null>,<null>,32,13,9
13:49:57:424,11.5942,4,33,28,20,239,4,314,2,9,0,2,13,8,<null>,<null>,32,13,9
13:50:17:339,11.6533,4,35,28,18,242,4,319,2,11,0,2,15,8,<null>,<null>,32,13,9
13:50:31:572,13.6752,4,35,26,18,242,4,316,2,9,0,2,13,8,<null>,<null>,32,13,9
13:50:46:771,13.1904,4,35,26,18,242,4,317,2,9,0,2,13,7,<null>,<null>,32,13,9
13:51:02:656,14.1343,4,36,25,17,244,4,319,2,9,0,2,13,7,<null>,<null>,32,14,9
13:51:18:134,20.9424,4,36,25,17,244,4,319,2,8,0,2,12,6,<null>,<null>,32,24,9
13:51:33:431,13.4794,4,36,25,17,244,4,319,2,8,0,2,12,7,<null>,<null>,32,24,9
13:51:48:307,13.8528,4,36,25,17,244,4,318,2,8,0,2,12,7,<null>,<null>,32,24,9
13:52:04:786,12.6283,4,35,25,17,243,4,316,2,8,0,2,12,5,<null>,<null>,32,24,9
13:52:20:539,14.733,4,35,25,17,243,4,316,2,8,0,2,12,6,<null>,<null>,32,24,9
13:52:35:638,11.1188,4,34,25,8,242,4,314,2,8,0,2,12,7,<null>,<null>,32,24,9
13:52:51:387,13.5478,4,34,25,8,242,4,313,2,8,0,2,12,6,<null>,<null>,31,23,9
13:53:06:626,14.0351,4,34,25,8,242,4,313,2,8,0,2,12,6,<null>,<null>,31,23,9
13:53:22:060,13.8768,4,34,25,8,242,4,313,2,8,0,2,12,6,<null>,<null>,31,23,9
13:53:37:115,14.3241,4,34,25,5,242,4,313,2,8,0,2,12,5,<null>,<null>,31,23,9
13:53:52:739,11.2202,4,34,25,5,242,4,313,2,8,0,2,12,5,<null>,<null>,31,23,9
13:54:07:782,26.1438,4,34,25,15,242,4,314,2,8,0,2,12,5,<null>,<null>,31,23,9
13:54:22:704,13.7339,4,34,25,12,242,4,313,2,8,0,2,12,6,<null>,<null>,31,23,9
13:54:38:026,14.3113,4,34,25,12,242,4,313,2,8,0,2,12,6,<null>,<null>,31,23,9
13:54:53:426,13.9252,4,34,25,14,242,4,313,2,8,0,2,12,6,<null>,<null>,31,23,9
13:55:08:616,13.6986,4,34,25,14,242,4,313,2,8,0,2,12,6,<null>,<null>,31,23,9
13:55:24:066,13.5939,4,34,23,14,242,4,311,2,8,0,1,11,5,<null>,<null>,31,23,9
13:55:39:126,14.9115,4,34,20,14,242,4,308,2,8,0,0,10,4,<null>,<null>,31,23,9
13:55:54:651,15.1659,4,34,13,0,242,4,301,2,3,0,0,5,2,<null>,<null>,30,23,9
13:56:09:406,14.0969,4,34,29,0,245,4,320,2,7,0,1,10,1,<null>,<null>,30,23,9
13:56:24:405,16.3599,4,34,29,0,245,4,320,2,7,0,1,10,1,<null>,<null>,30,23,9
13:56:39:621,13.8169,4,34,30,0,245,4,321,2,7,0,2,11,2,<null>,<null>,30,23,9
13:56:54:457,21.9479,4,34,30,3,245,4,321,2,7,0,2,11,2,<null>,<null>,30,23,9
13:57:09:432,14.0228,4,34,30,13,245,4,322,2,7,0,2,11,2,<null>,<null>,30,23,9
13:57:24:021,22.792,4,34,30,17,242,4,320,2,7,0,1,10,4,<null>,<null>,30,23,9
13:57:38:942,15.7171,4,34,30,20,242,4,320,2,7,0,1,10,8,<null>,<null>,30,23,9
13:57:53:979,13.6869,4,35,29,22,244,4,322,2,7,0,1,10,8,<null>,<null>,30,23,9
13:58:06:866,13.278,4,38,27,20,246,4,325,2,7,0,1,10,9,<null>,<null>,30,24,9
13:58:22:169,21.4765,4,39,26,19,248,4,327,2,7,0,1,10,9,<null>,<null>,30,24,9
13:58:37:425,11.3636,4,39,26,22,248,4,327,2,7,0,1,10,9,<null>,<null>,30,24,9
13:58:52:747,20.7792,4,40,25,22,248,4,327,2,7,0,1,10,8,<null>,<null>,30,24,9
13:59:08:176,20.9424,4,40,25,22,248,4,327,2,7,0,1,10,8,<null>,<null>,30,24,9
13:59:23:693,14.1093,4,40,25,22,248,4,327,2,7,0,1,10,6,<null>,<null>,30,24,9
13:59:38:998,14.6252,4,40,25,22,248,4,327,2,7,0,1,10,6,<null>,<null>,30,24,9
13:59:53:946,13.9738,4,41,28,21,250,4,329,2,8,0,1,11,7,<null>,<null>,30,25,9
14:00:08:162,21.3049,4,41,40,21,251,4,330,2,10,0,1,13,7,<null>,<null>,30,25,9
14:00:21:062,21.3049,4,39,40,21,250,3,329,2,10,0,1,13,6,<null>,<null>,29,25,9
14:00:34:344,13.5478,4,40,39,20,252,3,331,2,9,0,1,12,6,<null>,<null>,29,25,9
14:00:47:417,13.256,4,40,39,20,252,3,331,2,9,0,1,12,6,<null>,<null>,29,25,9
14:01:02:706,12.1488,4,40,39,20,251,3,330,2,9,0,1,12,7,<null>,<null>,29,25,9
14:01:17:081,17.8571,4,40,39,20,251,3,330,2,9,0,1,12,7,<null>,<null>,29,25,9
14:01:30:531,21.3904,4,40,47,20,252,3,331,2,11,0,1,14,6,<null>,<null>,29,25,9
14:01:42:922,21.7391,4,38,47,20,251,2,330,2,11,0,1,14,7,<null>,<null>,29,25,9
14:01:55:329,22.13,4,38,47,20,251,2,330,2,11,0,1,14,6,<null>,<null>,29,25,9
14:02:07:367,21.9178,4,38,47,20,251,2,330,2,11,0,1,14,6,<null>,<null>,29,25,9
14:02:19:613,14.0474,4,37,47,20,250,2,328,2,11,0,1,14,7,<null>,<null>,29,25,9
14:02:31:775,21.5924,4,37,47,20,250,2,328,2,11,0,1,14,6,<null>,<null>,29,25,9
14:02:43:848,21.6509,4,37,47,20,250,2,328,2,11,0,1,14,7,<null>,<null>,29,25,9
14:02:56:327,25.8481,4,37,47,20,250,2,328,2,11,0,1,14,7,<null>,<null>,29,25,9
14:03:08:801,20.6452,4,37,47,21,249,2,327,2,11,0,1,14,7,<null>,<null>,29,25,9
14:03:21:384,19.8758,4,40,43,20,252,3,332,2,11,0,1,14,9,<null>,<null>,29,37,9
14:03:34:125,13.9983,4,41,44,23,254,3,336,2,13,0,1,16,9,<null>,<null>,29,37,9
14:03:46:476,26.534,4,41,42,23,254,3,334,2,11,0,1,14,9,<null>,<null>,29,37,9
14:03:58:519,25.2366,4,42,41,22,254,3,334,2,11,0,1,14,9,<null>,<null>,29,37,9
14:04:11:500,13.1687,4,42,41,22,254,3,334,2,11,0,1,14,8,<null>,<null>,29,37,9
14:04:23:541,20.9424,4,43,40,29,256,3,336,2,11,0,1,14,9,<null>,<null>,29,37,9
14:04:36:752,10.2106,4,44,39,28,258,3,338,2,11,0,1,14,9,<null>,<null>,29,37,9
14:04:49:310,13.7457,4,44,39,25,257,3,337,2,11,0,1,14,9,<null>,<null>,29,37,9
14:05:03:213,13.7457,4,44,39,25,257,3,337,2,11,0,1,14,9,<null>,<null>,29,37,9
14:05:17:046,19.3705,4,53,31,25,267,4,355,2,11,0,1,14,9,<null>,<null>,29,45,9
14:05:32:290,13.6054,4,51,31,25,264,4,350,2,11,0,1,14,9,<null>,<null>,28,44,9
14:05:47:674,20,4,52,30,24,265,4,351,2,11,0,1,14,9,<null>,<null>,28,44,9
14:06:05:887,13.2013,4,54,28,22,268,4,354,2,11,0,1,14,9,<null>,<null>,28,44,9
14:06:20:604,13.9494,4,54,28,22,268,4,354,2,11,0,1,14,8,<null>,<null>,28,64,9
14:06:35:883,15.6098,4,54,28,22,268,4,354,2,11,0,1,14,8,<null>,<null>,28,64,9
14:06:50:571,14.1844,4,54,28,22,268,4,354,2,11,0,1,14,7,<null>,<null>,28,63,9
14:07:05:654,14.1093,4,54,28,22,268,4,354,2,11,0,1,14,8,<null>,<null>,28,63,9
14:07:20:714,14.0351,4,54,28,19,268,4,354,2,9,0,1,12,7,<null>,<null>,28,63,9
14:07:35:954,14.8837,4,53,28,19,266,4,351,2,9,0,1,12,7,<null>,<null>,28,63,9
14:07:51:045,14.8148,4,52,28,19,265,3,350,2,9,0,1,12,7,<null>,<null>,28,63,9
14:08:05:843,22.0386,4,53,27,10,267,3,352,2,9,0,1,12,7,<null>,<null>,28,63,9
14:08:19:867,18.7354,4,53,38,10,270,3,360,2,13,0,1,16,7,<null>,<null>,28,62,9
14:08:32:969,14.4928,4,53,44,10,271,3,356,2,15,0,1,18,6,<null>,<null>,28,62,9
14:08:47:284,13.6286,4,53,44,2,271,3,356,2,15,0,1,18,6,<null>,<null>,28,62,9
14:09:02:706,12.8824,4,54,44,2,271,4,358,2,15,0,1,18,7,<null>,<null>,28,72,9
14:09:17:549,14.0598,4,56,42,12,273,4,360,2,15,0,1,18,8,<null>,<null>,28,72,9
14:09:32:418,18.7793,4,59,42,10,274,5,365,2,17,0,1,20,8,<null>,<null>,28,82,9
14:09:46:668,19.4411,4,60,41,1,276,5,366,2,17,0,1,20,9,<null>,<null>,28,81,9
14:10:01:124,12.6482,4,60,39,1,276,5,364,2,15,0,1,18,8,<null>,<null>,28,81,9
14:10:15:998,13.986,4,60,39,1,276,5,364,2,15,0,1,18,7,<null>,<null>,28,81,9
14:10:31:204,12.9345,4,60,39,1,276,5,364,2,15,0,1,18,6,<null>,<null>,28,81,9
14:10:46:391,13.8528,4,60,39,1,276,5,364,2,15,0,1,18,6,<null>,<null>,28,81,9
14:11:01:499,13.913,4,60,39,1,275,5,363,2,15,0,1,18,6,<null>,<null>,28,81,9
14:11:16:215,13.7812,4,60,39,1,275,5,363,2,15,0,1,18,5,<null>,<null>,28,80,9
14:11:31:249,13.901,4,60,39,4,275,5,362,2,15,0,1,18,6,<null>,<null>,28,80,9
14:11:46:255,14.9673,4,60,39,4,275,5,362,2,15,0,1,18,6,<null>,<null>,28,80,9
14:12:00:697,14.0228,4,60,40,4,275,5,363,2,15,0,2,19,6,<null>,<null>,28,80,9
14:12:15:868,14.1844,4,61,41,7,276,5,366,2,17,0,2,21,6,<null>,<null>,28,80,9
14:12:29:600,21.5633,4,61,39,7,276,5,364,2,15,0,2,19,6,<null>,<null>,28,80,9
14:12:44:517,10.296,4,61,35,11,276,5,360,2,14,0,0,16,4,<null>,<null>,27,78,9
14:12:59:380,14.5985,4,61,35,19,276,5,360,2,14,0,0,16,3,<null>,<null>,27,78,9
14:13:13:621,20.025,4,61,38,19,276,5,363,2,14,0,2,18,3,<null>,<null>,27,78,9
14:13:28:389,14.2096,4,61,38,19,276,5,363,2,14,0,2,18,2,<null>,<null>,27,78,9
14:13:43:316,14.4014,4,61,38,19,276,5,363,2,14,0,2,18,4,<null>,<null>,27,78,9
14:13:58:607,14.4274,4,61,38,19,276,5,365,2,14,0,2,18,4,<null>,<null>,27,78,9
14:14:13:272,20.5392,4,61,38,19,276,5,365,2,14,0,2,18,4,<null>,<null>,27,77,9
14:14:28:263,13.4341,4,61,38,19,276,5,365,2,14,0,2,18,4,<null>,<null>,27,77,9
14:14:43:746,14.4665,4,61,38,19,276,5,365,2,14,0,2,18,4,<null>,<null>,27,77,9
14:14:58:528,13.5364,4,61,38,19,276,5,367,2,14,0,2,18,4,<null>,<null>,27,77,9
14:15:13:789,14.5059,4,61,38,19,276,5,373,2,14,0,2,18,4,<null>,<null>,27,77,9
14:15:26:615,23.9521,4,62,39,18,278,5,377,2,16,0,2,20,5,<null>,<null>,27,78,9
14:15:38:296,17.8571,4,62,39,18,279,5,376,2,15,0,2,19,5,<null>,<null>,27,76,9
14:15:52:666,13.2341,4,62,39,18,279,5,376,2,15,0,2,19,6,<null>,<null>,27,76,9
14:16:06:046,17.5246,4,62,41,18,279,5,378,2,15,0,2,19,5,<null>,<null>,27,76,9
14:16:20:784,11.8081,4,62,41,18,279,5,378,2,15,0,2,19,6,<null>,<null>,27,76,9
14:16:34:943,13.1471,4,62,41,18,279,5,378,2,15,0,2,19,6,<null>,<null>,27,76,9
14:16:49:007,14.1468,4,62,41,18,279,5,378,2,15,0,2,19,6,<null>,<null>,27,76,9
14:17:03:846,8.43882,4,75,29,3,295,6,406,2,15,0,2,19,7,<null>,<null>,27,86,9
14:17:16:934,13.4228,4,75,29,3,295,6,406,2,15,0,2,19,7,<null>,<null>,27,86,9
14:17:29:877,20.8877,4,75,29,3,295,6,406,2,15,0,2,19,7,<null>,<null>,27,86,9
14:17:43:881,14.9813,4,75,29,3,295,6,406,2,15,0,2,19,7,<null>,<null>,27,86,9
14:17:58:269,13.8528,4,75,29,3,295,6,406,2,15,0,2,19,7,<null>,<null>,27,86,9
14:18:12:516,13.1904,4,75,29,3,295,6,406,2,15,0,2,19,7,<null>,<null>,27,86,9
14:18:27:473,13.6752,4,75,29,3,295,6,406,2,15,0,2,19,7,<null>,<null>,27,85,9
14:18:41:723,13.0081,4,75,29,3,295,6,406,2,15,0,2,19,7,<null>,<null>,27,85,9
14:18:57:212,10.589,4,75,29,3,295,6,406,2,15,0,2,19,6,<null>,<null>,27,85,9
14:19:11:111,10.7311,4,75,30,4,296,6,407,2,16,0,2,20,7,<null>,<null>,27,85,9
14:19:25:536,14.3885,4,78,29,3,298,7,412,2,17,0,2,21,8,<null>,<null>,27,100,9
14:19:40:630,13.9738,4,78,28,3,298,7,409,2,16,0,2,20,5,<null>,<null>,27,100,9
14:19:55:567,10.8328,4,78,28,3,298,7,409,2,16,0,2,20,5,<null>,<null>,27,100,9
14:20:10:380,13.5021,4,78,28,3,298,7,409,2,16,0,2,20,4,<null>,<null>,27,100,9
14:20:25:635,14.273,4,78,28,3,298,7,409,2,15,0,2,19,4,<null>,<null>,27,100,9
14:20:39:115,14.0969,4,77,26,3,299,7,407,2,14,0,2,18,3,<null>,<null>,27,100,9
14:20:52:416,20.5392,4,73,23,0,294,7,393,2,8,0,1,11,0,<null>,<null>,27,100,9
14:21:06:393,24.7295,4,73,24,0,294,7,394,2,8,0,2,12,0,<null>,<null>,27,100,9
14:21:20:262,12.5,4,73,52,0,295,7,411,5,10,0,1,16,0,<null>,<null>,26,100,9
14:21:32:765,13.3222,4,73,58,0,295,7,417,5,10,0,1,16,0,<null>,<null>,26,100,9
14:21:46:136,19.6078,4,73,64,0,294,7,419,5,12,0,0,17,0,<null>,<null>,26,100,9
14:21:58:370,16.5975,4,73,68,0,294,7,415,5,12,0,0,17,0,<null>,<null>,26,100,9
14:22:10:661,12.3172,4,73,93,0,294,7,430,8,12,0,0,20,0,<null>,<null>,26,100,9
14:22:22:992,16.8955,4,73,93,0,294,7,430,10,12,0,0,22,0,<null>,<null>,26,100,9
14:22:34:956,15.0517,4,73,102,0,294,7,439,10,12,4,1,27,0,<null>,<null>,26,99,9
14:22:47:041,16.6147,4,73,103,0,294,7,440,10,12,4,2,28,0,<null>,<null>,26,99,9
14:22:59:049,14.0351,4,73,104,0,294,7,441,10,12,4,2,28,0,<null>,<null>,26,99,9
14:23:11:340,16.6667,4,73,104,0,294,7,441,10,12,4,2,28,0,<null>,<null>,26,99,9
14:23:23:480,11.5025,4,73,104,0,294,7,442,10,12,4,2,28,1,<null>,<null>,26,99,9
14:23:35:971,10.2106,4,73,96,2,294,7,436,10,12,0,2,24,1,<null>,<null>,26,99,9
14:23:48:289,11.0041,4,73,96,10,294,7,436,10,12,0,2,24,5,<null>,<null>,26,97,9
14:24:00:334,8.47907,4,73,96,29,294,7,440,10,12,0,2,24,6,<null>,<null>,26,97,9
14:24:12:145,9.87045,4,74,95,16,295,7,447,10,12,0,2,24,7,<null>,<null>,26,97,9
14:24:24:307,10.0946,4,74,95,24,295,7,452,10,12,0,2,24,7,<null>,<null>,26,97,9
14:24:36:642,8.38135,4,74,95,28,295,7,452,10,12,0,2,24,7,<null>,<null>,26,97,9
14:24:48:495,11.3798,4,74,95,28,295,7,453,10,12,0,2,24,7,<null>,<null>,26,97,9
14:25:00:643,15.5491,4,74,95,28,295,7,454,10,12,0,2,24,8,<null>,<null>,26,95,9
14:25:12:758,11.2597,4,74,95,30,295,7,454,10,12,0,2,24,9,<null>,<null>,26,95,9
14:25:24:792,10.596,4,75,94,23,295,7,453,10,12,0,2,24,10,<null>,<null>,26,95,9
14:25:37:069,11.4695,4,75,106,23,295,7,464,10,12,4,2,28,9,<null>,<null>,26,95,9
14:25:48:993,13.6635,4,76,105,22,295,7,464,10,12,4,2,28,9,<null>,<null>,26,95,9
14:26:01:038,11.9136,4,76,105,22,295,7,465,10,12,4,2,28,9,<null>,<null>,26,95,9
14:26:13:141,14.3627,4,76,96,22,295,7,456,10,12,0,2,24,8,<null>,<null>,26,93,9
14:26:25:098,13.5708,4,77,95,14,295,7,456,10,12,0,2,24,8,<null>,<null>,26,93,9
14:26:37:010,14.6789,4,77,91,14,293,7,454,10,12,0,2,24,8,<null>,<null>,26,93,9
14:26:49:197,15.9521,4,77,88,14,292,7,453,10,12,0,2,24,8,<null>,<null>,26,93,9
14:27:02:062,9.34579,4,77,107,14,292,7,470,18,12,0,2,32,8,<null>,<null>,26,93,9
14:27:13:963,10.0063,4,78,106,20,292,7,470,18,12,0,2,32,7,<null>,<null>,26,93,9
14:27:25:850,14.3113,4,79,106,19,296,7,474,18,14,0,2,34,7,<null>,<null>,26,92,9
14:27:38:497,9.4173,4,80,116,23,297,7,474,18,15,0,2,35,10,<null>,<null>,26,92,9
14:27:51:124,8.37258,4,80,125,40,298,7,477,18,17,0,2,37,14,<null>,<null>,26,92,9
14:28:04:649,7.94045,4,80,130,51,299,7,471,18,18,0,2,38,14,<null>,<null>,26,92,9
14:28:16:795,9.39518,4,80,130,53,299,7,470,18,18,0,2,38,14,<null>,<null>,26,92,9
14:28:29:234,9.1638,4,81,140,53,299,8,481,20,18,0,2,40,14,<null>,<null>,26,92,9
14:28:41:407,8.39454,4,81,140,53,299,8,482,20,18,0,2,40,15,<null>,<null>,25,90,9
14:28:53:428,10.1074,4,81,140,61,299,8,487,20,18,0,2,40,16,<null>,<null>,25,90,9
14:29:05:552,9.31316,4,81,140,61,299,8,489,20,18,0,2,40,16,<null>,<null>,25,90,9
14:29:17:720,7.68861,4,85,136,70,299,8,496,20,18,0,2,40,19,<null>,<null>,25,87,9
14:29:29:936,8.63465,4,86,135,77,304,8,497,20,18,0,2,40,18,<null>,<null>,25,86,9
14:29:42:247,10.4644,4,87,134,76,300,8,498,20,18,0,2,40,17,<null>,<null>,25,86,9
14:29:53:972,10.1202,4,87,134,68,299,8,497,20,18,0,2,40,17,<null>,<null>,25,84,9
14:30:06:324,9.95644,4,89,128,60,298,8,496,20,18,0,2,40,18,<null>,<null>,25,83,9
14:30:19:069,7.7332,4,90,127,56,298,8,496,20,18,0,2,40,19,<null>,<null>,25,82,9
14:30:31:329,9.55795,4,90,127,56,298,8,496,20,18,0,2,40,19,<null>,<null>,25,82,9
14:30:43:784,9.21659,4,91,123,66,297,8,495,20,18,0,2,40,19,<null>,<null>,25,81,9
14:30:55:853,8.39895,4,91,123,66,297,8,495,20,18,0,2,40,18,<null>,<null>,25,81,9
14:31:07:761,10.1458,4,93,121,64,300,8,499,20,18,0,2,40,20,<null>,<null>,25,79,9
14:31:20:827,8.17578,4,93,129,72,301,8,500,20,20,0,2,42,20,<null>,<null>,25,79,9
14:31:33:394,9.96885,4,93,131,74,302,8,501,20,21,0,2,43,20,<null>,<null>,25,79,9
14:31:45:631,12.3935,4,96,128,71,302,8,501,20,21,0,2,43,21,<null>,<null>,25,79,9
14:31:58:088,8.86427,4,96,128,71,302,8,501,20,21,0,2,43,21,<null>,<null>,25,79,9
14:32:09:525,10.1074,4,96,128,69,302,8,501,20,21,0,2,43,21,<null>,<null>,25,79,9
14:32:22:066,8.96861,4,97,127,68,302,8,501,20,21,0,2,43,22,<null>,<null>,25,77,9
14:32:34:264,9.20069,4,97,127,68,302,8,501,20,21,0,2,43,17,<null>,<null>,25,77,9
14:32:46:580,8.59291,4,107,119,58,302,10,501,20,21,0,2,43,17,<null>,<null>,25,77,9
14:32:58:821,10.568,4,107,119,47,302,10,501,20,19,0,2,41,20,<null>,<null>,25,87,9
14:33:11:148,7.96416,4,99,118,57,301,9,500,20,18,0,2,40,20,<null>,<null>,25,87,9
14:33:23:113,10.4371,4,100,118,56,301,9,501,20,19,0,2,41,19,<null>,<null>,25,87,9
14:33:35:519,11.1188,4,99,114,52,299,9,494,20,18,0,0,38,18,<null>,<null>,25,85,9
14:33:46:980,11.6533,4,100,115,51,299,9,496,20,18,0,2,40,18,<null>,<null>,25,85,9
14:33:59:149,10.7962,4,100,122,51,299,9,503,21,18,0,2,41,19,<null>,<null>,25,85,9
14:34:11:462,9.94407,4,100,135,49,299,9,516,23,18,0,0,41,17,<null>,<null>,25,85,9
14:34:23:288,9.30774,4,100,103,51,303,9,498,19,18,0,1,38,17,<null>,<null>,25,85,9
14:34:35:109,10.575,4,101,79,45,303,9,475,16,18,0,1,35,15,<null>,<null>,25,85,9
14:34:46:875,8.52424,4,101,79,51,304,9,476,16,18,0,1,35,15,<null>,<null>,24,83,9
14:34:58:881,12.0482,4,102,80,50,304,9,478,18,18,0,1,37,14,<null>,<null>,24,83,9
14:35:10:990,12.0482,4,102,78,56,304,9,476,16,18,0,1,35,14,<null>,<null>,24,83,9
14:35:23:417,14.8699,4,102,78,56,304,9,477,16,18,0,1,35,14,<null>,<null>,24,83,9
14:35:35:334,8.05639,4,102,77,56,300,9,477,16,18,0,0,34,14,<null>,<null>,24,83,9
14:35:47:116,10.2433,4,102,77,56,300,9,477,16,16,0,0,32,14,<null>,<null>,24,83,9
14:35:59:272,10.8622,4,101,67,37,298,8,468,16,14,0,0,30,12,<null>,<null>,24,81,9
14:36:11:543,11.6448,4,101,62,45,298,8,463,16,13,0,0,29,14,<null>,<null>,24,81,9
14:36:23:313,11.4449,4,101,62,48,298,8,463,16,13,0,0,29,15,<null>,<null>,24,81,9
14:36:35:904,12.0755,4,101,62,36,298,8,463,16,13,0,0,29,15,<null>,<null>,24,81,9
14:36:48:444,10.7095,4,100,62,36,297,8,461,16,13,0,0,29,15,<null>,<null>,24,81,9
14:37:00:752,8.49257,4,100,62,36,297,8,461,16,13,0,0,29,15,<null>,<null>,24,81,9
14:37:12:583,12.1766,4,101,62,29,298,8,463,17,13,0,0,30,9,<null>,<null>,24,78,9
14:37:25:024,11.7388,4,101,61,29,298,8,462,16,13,0,0,29,10,<null>,<null>,24,78,9
14:37:37:352,9.90712,4,100,61,29,298,8,461,16,13,0,0,29,10,<null>,<null>,24,78,9
14:37:49:344,10.8181,4,100,61,21,298,8,461,16,13,0,0,29,9,<null>,<null>,24,78,9
14:38:01:840,16.3767,4,99,61,21,297,8,459,16,13,0,0,29,9,<null>,<null>,24,78,9
14:38:13:736,15.311,4,99,61,21,297,8,459,16,13,0,0,29,8,<null>,<null>,24,78,9
14:38:26:303,15.9046,4,98,61,17,297,8,458,16,13,0,0,29,9,<null>,<null>,23,76,9
14:38:40:002,12.4031,4,98,61,17,297,8,458,16,13,0,0,29,9,<null>,<null>,23,76,9
14:38:52:491,13.9494,4,98,61,9,297,8,458,16,13,0,0,29,8,<null>,<null>,23,76,9
14:39:05:134,12.2137,4,98,61,9,297,8,458,16,13,0,0,29,9,<null>,<null>,23,76,9
14:39:17:083,18.12,4,98,61,11,297,8,458,16,13,0,0,29,8,<null>,<null>,23,76,9
14:39:29:248,18.0791,4,98,61,13,297,8,458,16,13,0,0,29,7,<null>,<null>,23,76,9
14:39:41:703,16.7891,4,98,61,13,297,8,458,16,13,0,0,29,7,<null>,<null>,23,74,9
14:39:54:421,12.5984,4,98,61,13,297,8,458,16,13,0,0,29,7,<null>,<null>,23,74,9
14:40:06:547,16.4103,4,98,61,13,297,8,459,16,13,0,0,29,7,<null>,<null>,23,74,9
14:40:18:899,15.3698,4,98,61,13,297,8,459,16,13,0,0,29,7,<null>,<null>,23,74,9
14:40:33:281,15.625,4,98,72,13,298,8,460,16,15,0,0,31,7,<null>,<null>,23,74,9
14:40:45:643,15.3698,4,98,72,19,298,8,460,16,15,0,0,31,8,<null>,<null>,23,74,9
14:40:58:091,17.1858,4,98,72,19,297,8,459,16,15,0,0,31,8,<null>,<null>,23,72,9
14:41:10:227,14.7194,4,98,72,19,297,8,459,16,15,0,0,31,8,<null>,<null>,23,72,9
14:41:23:135,10.1266,4,98,72,19,297,8,459,16,15,0,0,31,8,<null>,<null>,23,72,9
14:41:35:668,15.444,4,98,72,19,297,8,459,16,15,0,0,31,8,<null>,<null>,23,72,9
14:41:48:113,15.2381,4,98,72,19,297,8,459,16,15,0,0,31,8,<null>,<null>,23,72,9
14:42:01:172,16.4609,4,97,72,19,295,8,456,16,15,0,0,31,8,<null>,<null>,23,72,9
14:42:13:492,16.9851,4,97,72,17,295,8,456,16,15,0,0,31,8,<null>,<null>,22,70,9
14:42:26:222,10.7672,4,97,72,17,295,8,463,16,15,0,0,31,8,<null>,<null>,22,70,9
14:42:38:590,13.3445,4,94,72,17,294,8,456,16,15,0,0,31,9,<null>,<null>,22,70,9
14:42:51:114,15.3551,4,90,72,25,285,8,447,16,15,0,0,31,8,<null>,<null>,22,70,9
14:43:03:879,21.6802,4,91,70,24,286,8,448,16,14,0,0,30,8,<null>,<null>,22,71,9
14:43:16:946,18.3486,4,91,70,32,287,8,449,16,14,0,0,30,9,<null>,<null>,22,71,9
14:43:29:565,18.9573,4,91,70,32,287,8,449,16,14,0,0,30,8,<null>,<null>,22,69,9
14:43:42:942,14.9393,4,91,70,32,287,8,449,16,14,0,0,30,10,<null>,<null>,22,69,9
14:43:56:064,14.0105,4,91,70,32,287,8,449,16,14,0,0,30,10,<null>,<null>,22,69,9
14:44:08:976,17.4102,4,91,70,32,286,8,448,16,14,0,0,30,10,<null>,<null>,22,69,9
14:44:22:497,14.6119,4,91,70,32,286,8,448,16,14,0,0,30,10,<null>,<null>,22,69,9
14:44:36:199,15.3698,4,91,67,32,285,8,447,16,14,0,0,30,10,<null>,<null>,22,69,9
14:44:49:211,26.1011,4,91,67,32,285,8,447,16,14,0,0,30,10,<null>,<null>,22,67,9
14:45:01:636,21.3049,4,91,67,32,285,8,447,16,14,0,0,30,10,<null>,<null>,22,67,9
14:45:15:105,19.8265,4,93,65,30,287,8,449,16,14,0,0,30,10,<null>,<null>,22,67,9
14:45:28:163,21.3049,4,93,65,30,287,8,449,16,14,0,0,30,9,<null>,<null>,22,67,9
14:45:41:065,15.5039,4,93,65,30,287,8,449,16,14,0,0,30,9,<null>,<null>,22,67,9
14:45:53:911,13.7104,4,93,65,30,287,8,449,16,14,0,0,30,9,<null>,<null>,22,67,9
14:46:06:977,18.7354,4,92,65,30,286,8,447,16,14,0,0,30,9,<null>,<null>,21,65,9
14:46:20:403,19.7044,4,91,65,30,284,8,444,16,14,0,0,30,9,<null>,<null>,21,65,9
14:46:34:140,16.2933,4,91,65,30,284,8,444,16,14,0,0,30,9,<null>,<null>,21,65,9
14:46:47:592,17.7187,4,91,65,30,284,8,444,16,14,0,0,30,9,<null>,<null>,21,65,9
14:47:01:615,17.7187,4,91,65,30,284,8,444,16,14,0,0,30,9,<null>,<null>,21,65,9
14:47:14:163,17.8372,4,92,64,30,285,8,445,16,14,0,0,30,10,<null>,<null>,21,65,9
14:47:26:647,17.9171,4,92,65,30,285,8,446,16,14,0,1,31,10,<null>,<null>,21,63,9
14:47:40:051,19.2771,4,92,65,30,285,8,446,16,14,0,0,30,10,<null>,<null>,21,63,9
14:47:53:723,13.8648,4,92,65,30,286,8,447,16,14,0,0,30,10,<null>,<null>,21,63,9
14:48:06:762,12.5294,4,92,76,30,286,8,449,18,14,0,0,32,10,<null>,<null>,21,63,9
14:48:19:730,13.9738,4,92,95,30,286,8,468,20,14,0,0,34,10,<null>,<null>,21,63,9
14:48:33:324,11.3234,4,94,98,28,286,9,474,20,15,0,0,35,10,<null>,<null>,21,74,9
14:48:47:149,11.4449,4,94,97,28,286,9,472,20,14,0,0,34,10,<null>,<null>,20,72,9
14:49:00:840,19.2539,4,94,97,36,286,9,471,20,14,0,0,34,10,<null>,<null>,20,72,9
14:49:13:965,22.5352,4,94,97,36,286,9,471,20,14,0,0,34,10,<null>,<null>,20,72,9
14:49:26:996,22.3464,4,94,97,36,286,9,471,20,14,0,0,34,9,<null>,<null>,20,72,9
14:49:41:222,17.8372,4,94,97,36,286,9,471,20,14,0,0,34,9,<null>,<null>,20,72,9
14:49:54:252,16.444,4,94,107,36,286,9,481,22,14,0,0,36,9,<null>,<null>,20,72,9
14:50:07:036,15.8259,4,94,86,36,287,9,471,19,14,0,0,33,9,<null>,<null>,20,70,9
14:50:19:681,20.8605,4,93,65,36,289,9,450,16,14,0,2,32,9,<null>,<null>,20,70,9
14:50:32:594,21.8878,4,93,65,36,289,9,450,16,14,0,2,32,9,<null>,<null>,20,70,9
14:50:45:375,23.988,4,93,65,36,289,9,450,16,14,0,2,32,9,<null>,<null>,20,70,9
14:50:58:369,16.0643,4,93,65,28,289,9,450,16,14,0,2,32,10,<null>,<null>,20,70,9
14:51:11:081,22.0386,4,93,65,28,289,9,450,16,14,0,2,32,9,<null>,<null>,20,70,9
14:51:23:896,24.3902,4,93,64,28,286,9,446,16,14,0,1,31,9,<null>,<null>,20,68,9
14:51:36:850,27.1186,4,95,62,26,285,10,445,16,14,0,0,30,10,<null>,<null>,20,68,9
14:51:49:939,24.2792,4,95,62,26,285,10,445,16,14,0,0,30,9,<null>,<null>,20,68,9
14:52:02:503,25.0784,4,95,62,26,285,10,446,16,14,0,0,30,7,<null>,<null>,20,68,9
14:52:15:149,28.5205,4,95,62,26,285,10,446,16,14,0,0,30,7,<null>,<null>,20,68,9
14:52:28:149,29.7398,4,95,62,26,285,10,446,16,14,0,0,30,7,<null>,<null>,20,68,9
14:52:41:252,40.1003,4,95,62,26,285,10,446,16,14,0,0,30,7,<null>,<null>,19,66,9
14:52:53:899,27.7778,4,95,62,26,285,10,446,16,14,0,0,30,7,<null>,<null>,19,66,9
14:53:06:537,19.4647,4,95,62,26,285,10,446,16,14,0,0,30,7,<null>,<null>,19,66,9
14:53:19:462,22.0994,4,95,62,26,285,10,446,16,14,0,0,30,7,<null>,<null>,19,66,9
14:53:32:090,18.8014,4,95,62,20,285,10,446,16,14,0,0,30,7,<null>,<null>,19,66,9
14:53:45:020,16.2272,4,95,62,20,285,10,446,16,9,0,0,25,7,<null>,<null>,19,66,9
14:53:57:923,26.4901,4,95,62,20,285,10,446,16,9,0,0,25,7,<null>,<null>,19,63,9
14:54:10:766,25.3566,4,95,62,8,285,10,446,16,9,0,0,25,7,<null>,<null>,19,63,9
14:54:23:750,23.3918,4,95,62,8,285,10,446,16,9,0,0,25,7,<null>,<null>,19,63,9
14:54:37:055,32.3887,4,95,62,8,285,10,446,16,9,0,0,25,6,<null>,<null>,19,63,9
14:54:49:957,16.6493,4,95,62,8,285,10,446,16,9,0,0,25,6,<null>,<null>,19,63,9
14:55:03:011,27.8746,4,95,62,8,285,10,446,16,9,0,0,25,6,<null>,<null>,19,63,9
14:55:16:027,16.8955,4,95,62,8,285,10,446,16,9,0,0,25,6,<null>,<null>,18,61,9
14:55:28:726,25.5591,4,95,62,8,285,10,446,16,9,0,0,25,6,<null>,<null>,18,61,9
14:55:41:628,16.5289,4,95,62,8,285,10,446,16,9,0,0,25,6,<null>,<null>,18,61,9
14:55:55:887,22.1607,4,95,62,8,285,10,446,16,9,0,0,25,6,<null>,<null>,18,61,9
14:56:08:288,26.0163,4,95,62,8,285,10,446,16,9,0,0,25,6,<null>,<null>,18,61,9
14:56:21:445,20.9424,4,95,62,8,285,10,446,16,9,0,0,25,6,<null>,<null>,18,61,9
14:56:34:199,19.6802,4,95,62,8,285,10,446,16,9,0,0,25,6,<null>,<null>,18,59,9
14:56:47:234,27.4914,4,96,63,9,285,10,448,16,11,0,0,27,6,<null>,<null>,18,59,9
14:57:00:376,27.7778,4,96,61,16,285,10,446,16,9,0,0,25,7,<null>,<null>,18,59,9
14:57:13:096,22.8898,4,96,61,16,285,10,446,16,9,0,0,25,7,<null>,<null>,18,59,9
14:57:26:325,23.4261,4,96,61,16,285,10,446,16,9,0,0,25,6,<null>,<null>,18,59,9
14:57:39:127,29.304,4,96,61,16,285,10,444,16,9,0,0,25,6,<null>,<null>,18,59,9
14:57:52:156,27.0728,4,96,61,16,285,10,441,16,9,0,0,25,6,<null>,<null>,18,56,9
14:58:04:656,22.8898,4,95,61,16,283,10,437,16,9,0,0,25,6,<null>,<null>,18,56,9
14:58:16:780,27.8746,4,94,61,16,283,10,436,16,9,0,0,25,6,<null>,<null>,18,56,9
14:58:29:039,25.6822,4,93,61,16,282,10,434,16,9,0,0,25,6,<null>,<null>,18,56,9
14:58:41:412,29.0909,4,93,61,16,282,10,434,16,9,0,0,25,6,<null>,<null>,18,56,9
14:58:53:819,36.8664,4,93,61,16,282,10,434,16,9,0,0,25,6,<null>,<null>,18,56,9
14:59:06:031,26.7112,4,93,61,16,282,10,434,16,9,0,0,25,6,<null>,<null>,17,54,9
14:59:18:162,25.6822,4,93,61,16,282,10,434,16,9,0,0,25,6,<null>,<null>,17,54,9
14:59:30:230,27.027,4,93,61,16,282,10,434,16,9,0,0,25,6,<null>,<null>,17,54,9
14:59:42:277,25.3566,4,93,61,16,282,10,435,16,9,0,0,25,6,<null>,<null>,17,54,9
14:59:54:521,22.9226,4,93,61,16,282,10,434,16,9,0,0,25,6,<null>,<null>,17,54,9
15:00:06:861,16.444,4,92,61,16,281,10,432,16,9,0,0,25,6,<null>,<null>,17,54,9
15:00:19:030,22.4404,4,92,61,16,282,10,433,16,9,0,0,25,6,<null>,<null>,17,52,9
15:00:31:159,20.7792,4,92,62,16,286,10,437,16,9,0,1,26,6,<null>,<null>,17,52,9
15:00:43:192,23.2558,4,91,62,16,285,10,435,16,9,0,1,26,6,<null>,<null>,17,52,9
15:00:55:343,28.3688,4,91,56,9,300,10,444,17,9,0,1,27,6,<null>,<null>,17,52,9
15:01:07:726,28.8288,4,91,71,8,315,10,474,19,8,0,1,28,5,<null>,<null>,17,52,9
15:01:19:818,24.2792,4,91,77,8,319,10,484,19,8,0,1,28,5,<null>,<null>,17,52,9
15:01:32:031,17.8174,4,91,77,8,319,10,474,19,8,0,1,28,5,<null>,<null>,16,50,9
15:01:44:375,22.0994,4,91,88,8,281,10,447,20,8,0,1,29,5,<null>,<null>,16,50,9
15:01:56:510,25.641,4,91,87,8,280,10,446,20,8,0,0,28,5,<null>,<null>,16,50,9
15:02:08:765,25.641,4,91,87,8,279,10,446,20,8,0,0,28,5,<null>,<null>,16,50,9
15:02:20:830,18.6263,4,91,87,8,279,10,447,20,8,0,0,28,5,<null>,<null>,16,50,9
15:02:33:164,37.4707,4,91,87,8,279,10,448,20,8,0,0,28,5,<null>,<null>,16,50,9
15:02:45:076,28.777,4,91,87,8,279,10,448,20,8,0,0,28,5,<null>,<null>,16,48,9
15:02:57:984,23.2897,4,91,87,10,279,10,447,20,8,0,0,28,6,<null>,<null>,16,48,9
15:03:10:009,27.0728,4,91,87,24,279,10,447,20,8,0,0,28,13,<null>,<null>,16,48,9
15:03:22:148,22.8898,4,91,87,13,279,10,447,20,8,0,0,28,13,<null>,<null>,16,48,9
15:03:34:509,17.2043,4,90,87,10,277,10,444,20,8,0,0,28,13,<null>,<null>,16,48,9
15:03:46:623,29.4659,4,90,87,10,277,10,444,20,8,0,0,28,13,<null>,<null>,16,48,9
15:03:58:519,25,4,86,87,10,273,10,436,20,8,0,0,28,10,<null>,<null>,16,46,9
15:04:10:618,24.1327,4,86,87,10,273,10,436,20,8,0,0,28,10,<null>,<null>,16,46,9
15:04:22:860,28.4192,4,85,87,10,272,10,434,20,8,0,0,28,10,<null>,<null>,16,46,9
15:04:34:981,29.7952,4,85,87,10,272,10,434,20,8,0,0,28,10,<null>,<null>,16,46,9
15:04:46:970,27.2109,4,84,87,10,271,10,432,20,8,0,0,28,10,<null>,<null>,16,46,9
15:04:58:966,29.4659,4,84,87,10,271,10,432,20,8,0,0,28,10,<null>,<null>,16,46,9
15:05:11:071,27.2572,4,77,87,8,263,10,417,20,8,0,0,28,10,<null>,<null>,15,44,9
15:05:23:175,19.4175,4,76,87,8,261,10,414,20,8,0,0,28,10,<null>,<null>,15,44,9
15:05:35:299,22.7596,4,76,87,8,261,10,414,20,8,0,0,28,10,<null>,<null>,15,44,9
15:05:47:500,23.0548,4,75,87,8,260,10,412,20,8,0,0,28,10,<null>,<null>,15,44,9
15:05:59:704,20.1258,4,74,87,8,259,10,410,20,8,0,0,28,10,<null>,<null>,15,44,9
15:06:11:886,30.3605,4,73,87,8,257,10,407,20,8,0,0,28,10,<null>,<null>,15,44,9
15:06:24:191,28.8288,4,73,87,8,257,10,407,20,8,0,0,28,10,<null>,<null>,15,42,9
15:06:36:288,21.3904,4,73,87,8,257,10,407,20,8,0,0,28,10,<null>,<null>,15,42,9
15:06:48:659,27.7296,4,73,87,8,257,10,407,20,8,0,0,28,10,<null>,<null>,15,42,9
15:07:00:652,23.1548,4,73,87,6,257,10,407,20,8,0,0,28,10,<null>,<null>,15,42,9
15:07:13:106,24.6914,4,73,87,6,257,10,407,20,8,0,0,28,10,<null>,<null>,15,42,9
15:07:25:870,19.4647,4,73,87,6,257,10,407,20,8,0,0,28,10,<null>,<null>,15,42,9
15:07:37:717,23.5988,4,73,87,6,257,10,407,20,8,0,0,28,9,<null>,<null>,14,41,9
15:07:49:994,26.3158,4,73,87,6,257,10,407,20,8,0,0,28,9,<null>,<null>,14,41,9
15:08:02:253,23.845,4,73,87,6,257,10,407,20,8,0,0,28,10,<null>,<null>,14,41,9
15:08:14:558,27.027,4,72,87,6,256,10,405,20,8,0,0,28,10,<null>,<null>,14,41,9
15:08:26:661,31.5582,4,72,87,6,256,10,405,20,8,0,0,28,10,<null>,<null>,14,41,9
15:08:38:787,30.2457,4,72,87,6,256,10,405,20,8,0,0,28,10,<null>,<null>,14,41,9
15:08:51:342,28.169,4,72,87,6,256,10,405,20,8,0,0,28,10,<null>,<null>,14,39,9
15:09:03:562,29.1971,4,72,87,6,256,10,405,20,8,0,0,28,10,<null>,<null>,14,39,9
15:09:15:768,24.2792,4,69,87,6,252,10,398,20,8,0,0,28,10,<null>,<null>,14,39,9
15:09:27:869,29.5203,4,69,87,6,252,10,398,20,8,0,0,28,10,<null>,<null>,14,39,9
15:09:40:100,28.6225,4,67,87,6,250,10,394,20,8,0,0,28,10,<null>,<null>,14,39,9
15:09:52:138,26.6223,4,65,87,6,246,10,388,20,8,0,0,28,10,<null>,<null>,14,39,9
15:10:04:178,24.9221,4,65,87,6,246,10,388,20,8,0,0,28,10,<null>,<null>,14,38,9
15:10:16:736,22.0994,4,65,87,6,246,10,388,20,8,0,0,28,10,<null>,<null>,14,38,9
15:10:28:904,22.2531,4,65,87,6,246,10,388,20,8,0,0,28,10,<null>,<null>,14,38,9
15:10:41:021,24.9221,4,65,87,0,246,10,388,20,8,0,0,28,10,<null>,<null>,14,38,9
15:10:53:097,24.6154,4,65,87,0,246,10,388,20,8,0,0,28,10,<null>,<null>,14,38,9
15:11:05:144,25.4777,4,65,87,0,246,10,388,20,8,0,0,28,10,<null>,<null>,14,38,9
15:11:17:346,25.1177,4,65,87,0,246,10,388,20,8,0,0,28,10,<null>,<null>,13,37,9
15:11:29:598,30.0752,4,65,87,0,246,10,388,20,8,0,0,28,10,<null>,<null>,13,37,9
15:11:41:887,27.2572,4,65,87,0,246,10,388,20,8,0,0,28,10,<null>,<null>,13,37,9
15:11:54:123,29.0909,4,65,87,0,246,10,388,20,8,0,0,28,10,<null>,<null>,13,37,9
15:12:06:286,25,4,65,87,0,246,10,388,20,8,0,0,28,10,<null>,<null>,13,37,9
15:12:18:692,27.7296,4,64,87,0,245,10,386,20,8,0,0,28,10,<null>,<null>,13,37,9
15:12:30:949,23.3236,4,64,87,0,245,10,385,20,8,0,0,28,10,<null>,<null>,13,35,9
15:12:43:371,20.5656,4,64,89,0,245,10,387,20,10,0,0,30,10,<null>,<null>,13,35,9
15:12:55:332,23.8806,4,64,87,0,245,10,384,20,8,0,0,28,9,<null>,<null>,13,35,9
15:13:07:860,28.169,4,64,87,0,245,10,384,20,8,0,0,28,9,<null>,<null>,13,35,9
15:13:19:951,28.5714,4,64,87,6,245,10,384,20,8,0,0,28,9,<null>,<null>,13,35,9
15:13:31:981,30.4762,4,64,87,6,245,10,384,20,8,0,0,28,9,<null>,<null>,12,34,9
15:13:44:130,30.8285,4,64,53,6,249,10,364,16,8,0,0,24,9,<null>,<null>,12,34,9
15:13:56:335,25.8481,4,64,53,6,274,10,389,16,8,0,0,24,9,<null>,<null>,12,34,9
15:14:08:738,22.1914,4,64,68,6,293,10,422,18,8,0,2,28,9,<null>,<null>,12,34,9
15:14:21:267,25.9319,4,64,91,6,293,10,439,22,8,0,2,32,9,<null>,<null>,12,34,9
15:14:33:558,19.7044,4,64,56,18,309,10,425,16,8,0,3,27,9,<null>,<null>,12,34,9
15:14:46:150,20.6186,4,64,68,12,303,10,430,16,11,0,3,30,9,<null>,<null>,12,33,9
15:14:58:506,22.069,4,64,83,12,266,10,409,16,16,0,1,33,9,<null>,<null>,12,33,9
15:15:10:622,30.1887,4,64,100,14,251,10,411,16,18,0,1,35,5,<null>,<null>,12,33,9
15:15:22:891,30.6513,4,62,100,21,251,10,409,16,18,0,1,35,6,<null>,<null>,12,33,9
15:15:35:015,24.2424,4,61,100,29,249,10,412,16,18,0,1,35,6,<null>,<null>,12,33,9
15:15:47:268,28.5714,4,61,100,36,249,10,412,16,18,0,1,35,6,<null>,<null>,12,33,9
15:15:59:572,26.9815,4,60,100,36,249,10,411,16,18,0,1,35,6,<null>,<null>,12,32,9
15:16:11:784,29.9625,4,60,100,36,249,10,411,16,18,0,1,35,6,<null>,<null>,12,32,9
15:16:24:168,28.2187,4,60,100,36,249,10,411,16,18,0,1,35,6,<null>,<null>,12,32,9
15:16:36:606,25.641,4,60,100,36,249,10,411,16,18,0,1,35,6,<null>,<null>,12,32,9
15:16:48:905,21.8878,4,60,100,36,249,10,411,16,18,0,1,35,6,<null>,<null>,12,32,9
15:17:01:068,25.6822,4,60,100,36,249,10,411,16,18,0,1,35,6,<null>,<null>,12,32,9
15:17:13:306,25.3165,4,60,100,36,249,10,411,16,18,0,1,35,6,<null>,<null>,11,31,9
15:17:25:536,20.6718,4,60,100,30,249,10,411,16,18,0,1,35,6,<null>,<null>,11,31,9
15:17:37:795,27.4443,4,60,100,30,249,10,406,16,18,0,1,35,6,<null>,<null>,11,31,9
15:17:49:885,31.3725,4,60,100,30,249,10,405,16,18,0,1,35,6,<null>,<null>,11,31,9
15:18:02:058,23.4949,4,60,100,30,249,10,405,16,18,0,1,35,6,<null>,<null>,11,31,9
15:18:14:203,28.6738,4,60,100,30,249,10,405,16,18,0,1,35,6,<null>,<null>,11,31,9
15:18:26:521,26.0163,4,60,100,32,249,10,405,16,18,0,1,35,6,<null>,<null>,11,30,9
15:18:38:669,26.8908,4,60,100,32,249,10,405,16,18,0,1,35,6,<null>,<null>,11,30,9
15:18:50:504,27.0728,4,60,100,32,249,10,405,16,18,0,1,35,6,<null>,<null>,11,30,9
15:19:02:583,19.975,4,60,106,32,250,10,411,16,19,0,1,36,6,<null>,<null>,11,30,9
15:19:14:608,20.8333,4,60,106,32,250,10,417,16,19,0,1,36,6,<null>,<null>,11,30,9
15:19:26:954,21.5924,4,60,106,32,250,10,417,16,19,0,1,36,6,<null>,<null>,11,30,9
15:19:39:156,26.8007,4,60,106,43,250,10,417,16,19,0,1,36,6,<null>,<null>,10,29,9
15:19:51:449,23.8095,4,60,106,43,250,10,417,16,19,0,1,36,6,<null>,<null>,10,29,9
15:20:03:634,24.3531,4,60,106,43,250,10,417,16,19,0,1,36,6,<null>,<null>,10,29,9
15:20:15:669,22.7596,4,55,106,42,245,9,408,16,19,0,1,36,7,<null>,<null>,10,29,9
15:20:27:869,22.409,4,55,106,43,245,9,408,16,19,0,1,36,8,<null>,<null>,10,29,9
15:20:40:243,16.7715,4,55,110,46,247,9,410,16,22,0,1,39,8,<null>,<null>,10,29,9
15:20:52:351,24.7295,4,55,122,50,248,9,411,16,24,0,1,41,9,<null>,<null>,10,28,9
15:21:04:583,20.6452,4,55,122,50,248,9,411,16,24,0,1,41,15,<null>,<null>,10,28,9
15:21:16:891,25.7649,4,55,122,50,248,9,411,16,24,0,1,41,15,<null>,<null>,10,28,9
15:21:29:017,23.1884,4,55,122,50,248,9,411,16,24,0,1,41,15,<null>,<null>,10,28,9
15:21:41:187,28.2686,4,55,122,50,248,9,411,16,24,0,1,41,15,<null>,<null>,10,28,9
15:21:53:020,21.3049,4,54,122,52,247,8,410,16,24,0,1,41,15,<null>,<null>,10,28,9
15:22:05:167,22.5352,4,54,122,52,247,8,410,16,24,0,1,41,15,<null>,<null>,10,27,9
15:22:17:417,19.7775,4,54,122,54,247,8,410,16,24,0,1,41,16,<null>,<null>,10,27,9
15:22:29:518,20.0753,4,54,122,60,247,8,410,16,24,0,1,41,18,<null>,<null>,10,27,9
15:22:41:444,18.4971,4,55,121,77,248,8,417,16,24,0,1,41,24,<null>,<null>,10,27,9
15:22:53:338,17.9171,4,63,117,83,257,9,435,16,27,0,1,44,25,<null>,<null>,10,27,9
15:23:05:930,16.3099,4,63,114,91,257,9,432,16,24,0,1,41,25,<null>,<null>,10,27,9
15:23:17:989,21.8281,4,64,113,83,257,9,432,16,24,0,1,41,25,<null>,<null>,9,26,9
15:23:30:439,20.2532,4,64,113,80,257,9,432,16,24,0,1,41,24,<null>,<null>,9,26,9
15:23:42:295,18.8235,4,65,112,79,259,9,434,16,24,0,1,41,25,<null>,<null>,9,26,9
15:23:54:499,21.1082,4,65,112,81,259,9,434,16,24,0,1,41,19,<null>,<null>,9,26,9
15:24:06:284,21.7391,4,65,112,81,259,9,434,16,24,0,1,41,20,<null>,<null>,9,26,9
15:24:18:410,19.347,4,65,112,81,259,9,435,16,24,0,1,41,21,<null>,<null>,9,26,9
15:24:30:720,21.0526,4,66,111,80,259,9,435,16,24,0,1,41,19,<null>,<null>,9,25,9
15:24:42:538,19.802,4,66,111,80,259,9,435,16,24,0,1,41,20,<null>,<null>,9,25,9
15:24:54:827,18.018,4,66,111,80,259,9,435,16,24,0,1,41,20,<null>,<null>,9,25,9
15:25:06:888,20.5392,4,66,111,79,259,8,436,16,25,0,1,42,19,<null>,<null>,9,26,9
15:25:19:115,21.164,4,67,109,78,259,8,435,16,22,0,1,39,19,<null>,<null>,9,26,9
15:25:31:113,19.2771,4,68,104,53,260,7,436,16,21,0,1,38,19,<null>,<null>,9,26,9
15:25:43:137,17.6018,4,68,104,76,260,7,436,16,21,0,1,38,20,<null>,<null>,8,25,9
15:25:55:232,15.9046,4,68,104,76,260,7,436,16,21,0,1,38,19,<null>,<null>,8,25,9
15:26:07:750,18.8457,4,68,104,67,260,7,436,16,21,0,1,38,18,<null>,<null>,8,25,9
15:26:19:743,15.3846,4,69,103,59,263,7,439,16,22,0,1,39,18,<null>,<null>,8,25,9
15:26:31:792,21.419,4,72,102,57,265,8,444,16,23,0,1,40,18,<null>,<null>,8,35,9
15:26:43:605,26.0586,4,73,100,62,267,8,445,16,22,0,1,39,18,<null>,<null>,8,35,9
15:26:55:574,21.2483,4,74,99,71,269,8,447,16,22,0,1,39,18,<null>,<null>,8,33,9
15:27:07:606,20,4,75,98,78,271,8,449,16,22,0,1,39,18,<null>,<null>,8,33,9
15:27:19:584,22.8898,4,75,98,66,271,8,449,16,22,0,1,39,18,<null>,<null>,8,33,9
15:27:31:640,23.8806,4,75,99,59,270,8,450,16,24,0,1,41,19,<null>,<null>,8,33,9
15:27:43:751,23.4261,4,75,97,59,270,8,448,16,22,0,1,39,18,<null>,<null>,8,33,9
15:27:55:856,27.5862,4,75,97,59,270,8,448,16,22,0,1,39,17,<null>,<null>,8,33,9
15:28:07:836,19.7044,4,75,97,59,270,8,448,16,22,0,1,39,16,<null>,<null>,8,32,9
15:28:20:015,28.3186,4,75,96,58,270,8,447,16,22,0,1,39,14,<null>,<null>,8,29,9
15:28:32:138,20.592,4,75,96,64,270,8,447,16,22,0,1,39,16,<null>,<null>,8,29,9
15:28:44:202,25.89,4,76,95,63,272,8,449,16,21,0,1,38,17,<null>,<null>,8,30,9
15:28:56:193,24.5023,4,78,76,41,275,8,436,8,22,0,1,31,14,<null>,<null>,8,30,9
15:29:08:204,22.409,4,78,75,41,275,8,435,8,21,0,1,30,14,<null>,<null>,8,30,9
15:29:20:266,27.8746,4,79,87,42,278,8,440,8,23,0,3,34,14,<null>,<null>,7,29,9
15:29:32:509,25.1572,4,79,98,41,279,8,440,8,25,0,2,35,12,<null>,<null>,7,29,9
15:29:44:605,26.1011,4,79,97,40,279,8,439,8,25,0,1,34,11,<null>,<null>,7,29,9
15:29:56:754,25.7235,4,79,97,40,279,8,439,8,25,0,1,34,11,<null>,<null>,7,29,9
15:30:08:894,26.4463,4,79,98,40,280,8,440,8,26,0,1,35,12,<null>,<null>,7,29,9
15:30:20:980,23.2558,4,79,104,38,280,8,446,8,26,0,1,35,10,<null>,<null>,7,29,9
15:30:32:997,21.164,4,80,103,42,282,8,448,8,26,0,1,35,10,<null>,<null>,7,28,9
15:30:44:839,24.2792,4,80,103,42,282,8,448,8,26,0,1,35,12,<null>,<null>,7,28,9
15:30:57:171,25.6822,4,80,113,43,281,8,456,11,26,0,1,38,12,<null>,<null>,7,28,9
15:31:09:136,19.0703,4,92,109,52,296,8,497,11,28,0,0,39,12,<null>,<null>,7,28,9
15:31:21:222,17.316,4,92,108,52,296,8,499,11,27,0,0,38,12,<null>,<null>,7,28,9
15:31:33:179,18.8902,4,92,107,54,296,8,498,11,26,0,0,37,11,<null>,<null>,7,28,9
15:31:45:025,22.5035,4,83,107,54,285,7,479,11,26,0,0,37,11,<null>,<null>,6,27,9
15:31:57:137,21.5633,4,84,106,51,287,7,481,11,26,0,0,37,11,<null>,<null>,6,27,9
15:32:09:200,23.9163,4,84,106,51,287,7,481,11,26,0,0,37,11,<null>,<null>,6,27,9
15:32:21:191,21.7096,4,85,105,47,289,7,483,11,26,0,0,37,11,<null>,<null>,6,28,9
15:32:33:641,32.5866,4,84,105,47,288,7,481,11,26,0,0,37,10,<null>,<null>,6,28,9
15:32:45:568,24.024,4,84,105,47,288,7,481,11,26,0,0,37,10,<null>,<null>,6,28,9
15:32:57:809,24.6533,4,84,102,47,287,7,480,11,26,0,0,37,10,<null>,<null>,6,27,9
15:33:09:975,22.5035,4,84,102,47,287,7,480,11,26,0,0,37,10,<null>,<null>,6,27,9
15:33:22:137,16.016,4,86,100,45,291,7,484,11,26,0,0,37,11,<null>,<null>,6,28,9
15:33:34:221,26.936,4,85,100,45,290,6,483,11,26,0,0,37,10,<null>,<null>,6,28,9
15:33:45:967,22.567,4,85,99,44,290,6,482,11,26,0,0,37,11,<null>,<null>,6,28,9
15:33:58:175,25.6,4,85,99,44,290,6,482,11,26,0,0,37,10,<null>,<null>,6,28,9
15:34:10:374,22.8245,4,86,98,43,292,6,484,11,26,0,0,37,11,<null>,<null>,6,27,9
15:34:22:677,20.6452,4,86,98,43,292,6,484,11,26,0,0,37,12,<null>,<null>,6,27,9
15:34:34:631,19.3237,4,86,98,43,292,6,484,11,26,0,0,37,11,<null>,<null>,6,27,9
15:34:46:862,22.695,4,86,98,43,292,6,484,11,26,0,0,37,12,<null>,<null>,6,27,9
15:34:59:140,22.5989,4,86,98,43,292,6,484,11,26,0,0,37,12,<null>,<null>,0,27,9
15:35:11:576,16.4103,4,86,98,43,292,6,484,11,22,0,0,33,10,<null>,<null>,0,27,9
15:35:23:701,20.5128,4,90,88,39,299,6,484,11,23,0,0,34,12,<null>,<null>,0,26,9
15:35:35:969,20.6718,4,94,83,35,305,6,489,11,22,0,0,33,11,<null>,<null>,0,27,9
15:35:49:120,10.4575,4,94,83,35,305,6,489,11,22,0,0,33,10,<null>,<null>,0,27,9
15:36:02:145,21.978,4,95,95,34,306,7,490,11,24,0,0,35,12,<null>,<null>,0,27,9
15:36:16:008,12.5687,4,95,95,35,306,7,490,11,24,0,0,35,11,<null>,<null>,0,27,9
15:36:29:547,18.0995,4,97,93,26,309,7,493,11,23,0,0,34,11,<null>,<null>,0,27,9
15:36:43:295,15.0094,4,97,88,26,308,7,488,11,23,0,0,34,9,<null>,<null>,0,26,9
15:36:59:219,22.6308,4,97,89,26,309,7,490,11,25,0,0,36,9,<null>,<null>,0,26,9
15:37:12:718,11.5607,4,97,86,26,309,7,487,9,23,0,0,32,8,<null>,<null>,0,56,9
15:37:26:131,21.1921,4,97,86,26,309,7,487,9,23,0,0,32,8,<null>,<null>,0,56,9
15:37:39:293,24.5023,4,98,88,40,311,7,504,9,26,0,0,35,11,<null>,<null>,0,56,9
15:37:51:727,20.4604,4,110,73,32,328,7,518,9,23,0,0,32,12,<null>,<null>,0,56,9
15:38:04:247,22.069,4,112,73,23,331,8,522,9,23,0,0,32,11,<null>,<null>,0,55,9
15:38:16:459,29.4659,4,112,76,23,332,8,522,9,22,0,0,31,10,<null>,<null>,0,55,9
15:38:28:605,28.0702,4,112,84,24,334,8,524,9,24,0,0,33,10,<null>,<null>,0,55,9
15:38:40:458,26.8908,4,112,84,30,334,8,524,9,24,0,0,33,11,<null>,<null>,0,55,9
15:38:52:517,23.9521,4,112,83,29,334,8,523,9,24,0,0,33,9,<null>,<null>,0,52,9
15:39:04:462,24.0602,4,112,83,29,334,8,522,9,24,0,0,33,9,<null>,<null>,0,52,9
15:39:16:624,22.2841,4,112,83,29,334,8,522,7,14,0,0,21,9,<null>,<null>,0,53,9
15:39:28:603,24.1327,4,112,83,29,334,8,522,7,14,0,0,21,9,<null>,<null>,0,53,9
15:39:40:749,26.8456,4,112,84,34,338,8,526,7,14,0,1,22,10,<null>,<null>,0,53,9
15:39:52:591,25.4372,4,112,84,34,338,8,526,7,13,0,1,21,10,<null>,<null>,0,53,9
15:40:04:554,27.027,4,111,84,34,337,8,525,7,13,0,1,21,9,<null>,<null>,0,53,9
15:40:16:583,22.2841,4,111,84,32,337,8,525,7,13,0,1,21,9,<null>,<null>,0,53,9
15:40:28:593,24.3902,4,111,84,34,337,8,525,7,13,0,1,21,9,<null>,<null>,0,52,9
15:40:40:591,24.5776,4,112,83,33,339,8,527,7,13,0,1,21,9,<null>,<null>,0,52,9
15:40:52:569,25.3165,4,112,83,33,339,8,527,7,13,0,1,21,10,<null>,<null>,0,52,9
15:41:04:752,24.961,4,112,83,33,339,8,527,7,13,0,1,21,9,<null>,<null>,0,52,9
15:41:17:003,29.304,4,112,83,33,339,8,526,7,13,0,1,21,9,<null>,<null>,0,52,9
15:41:28:980,25.1177,4,110,81,28,336,8,519,7,13,0,1,21,9,<null>,<null>,0,52,9
15:41:41:208,23.4949,4,110,80,30,335,8,517,7,13,0,1,21,9,<null>,<null>,0,51,9
15:41:53:163,25.1177,4,109,80,30,335,8,516,7,13,0,1,21,10,<null>,<null>,0,51,9
15:42:05:283,29.7398,4,109,81,29,335,8,517,7,14,0,1,22,9,<null>,<null>,0,48,9
15:42:17:424,25.6822,4,109,79,29,335,8,515,7,12,0,1,20,8,<null>,<null>,0,48,9
15:42:29:517,28.0702,4,109,79,29,335,8,515,7,12,0,1,20,8,<null>,<null>,0,48,9
15:42:41:574,28.5714,4,108,79,18,334,7,514,7,12,0,1,20,8,<null>,<null>,0,48,9
15:42:53:773,26.936,4,108,78,29,329,7,509,7,12,0,1,20,8,<null>,<null>,0,47,9
15:43:05:940,23.2897,4,108,78,29,341,7,521,7,12,0,0,19,9,<null>,<null>,0,47,9
15:43:18:038,23.7741,4,108,79,29,348,7,529,7,12,0,1,20,8,<null>,<null>,0,47,9
15:43:30:179,24.4648,4,105,79,29,348,7,526,7,12,0,1,20,8,<null>,<null>,0,47,9
15:43:42:259,21.9479,4,104,82,29,348,7,525,8,12,0,1,21,8,<null>,<null>,0,47,9
15:43:54:470,24.7295,4,104,103,26,349,7,544,11,12,0,1,24,8,<null>,<null>,0,47,9
15:44:06:472,21.8579,4,105,114,28,364,7,571,13,12,0,1,26,9,<null>,<null>,0,46,9
15:44:18:449,23.7037,4,103,99,28,386,7,581,10,12,0,3,25,9,<null>,<null>,0,46,9
15:44:30:611,27.3504,4,103,82,28,374,7,550,7,12,0,5,24,8,<null>,<null>,0,46,9
15:44:42:813,26.4901,4,102,82,28,374,7,549,7,12,0,5,24,8,<null>,<null>,0,46,9
15:44:54:860,24.7295,4,102,82,28,374,7,549,7,12,0,5,24,8,<null>,<null>,0,46,9
15:45:07:006,25.8481,4,102,81,17,365,7,539,7,12,0,4,23,8,<null>,<null>,0,46,9
15:45:19:220,33.4728,4,99,77,14,360,7,528,7,11,0,3,21,8,<null>,<null>,0,45,9
15:45:31:341,28.6225,4,99,76,14,328,7,495,7,11,0,2,20,7,<null>,<null>,0,45,9
15:45:43:646,28.7253,4,99,92,14,326,7,501,9,11,0,0,20,7,<null>,<null>,0,45,9
15:45:55:937,26.936,4,98,108,14,326,7,516,11,11,0,0,22,7,<null>,<null>,0,45,9
15:46:08:090,27.6339,4,98,108,14,326,7,516,11,11,0,0,22,7,<null>,<null>,0,45,9
15:46:20:238,40.8163,4,98,108,14,326,7,517,11,11,0,0,22,8,<null>,<null>,0,45,9
15:46:32:104,28.2686,4,101,108,3,330,7,524,11,11,0,2,24,9,<null>,<null>,0,44,9
15:46:44:198,26.3591,4,102,108,12,332,7,527,11,11,0,2,24,9,<null>,<null>,0,44,9
15:46:56:296,28.169,4,99,108,15,331,6,526,11,11,0,2,24,9,<null>,<null>,0,44,9
15:47:08:303,28.7253,4,99,108,14,331,6,526,11,11,0,2,24,9,<null>,<null>,0,44,9
